{
  "allowMovement": {
    "net.minecraft.class_434": true,
    "me.lizardofoz.inventorio.client.ui.InventorioScreen": true,
    "com.tom.storagemod.gui.CraftingTerminalScreen": true,
    "me.shedaniel.rei.impl.client.gui.screen.DefaultDisplayViewingScreen": true,
    "journeymap.client.ui.fullscreen.Fullscreen": true,
    "journeymap.client.ui.component.ScrollPaneScreen": true,
    "com.tom.cpm.client.GuiImpl": true,
    "moriyashiine.enchancement.client.screen.EnchantingTableScreen": true,
    "net.minecraft.class_4895": true,
    "zabi.minecraft.extraalchemy.screen.potion_bag.PotionBagScreen": true
  },
  "hideBackground": {
    "me.lizardofoz.inventorio.client.ui.InventorioScreen": true,
    "com.tom.storagemod.gui.CraftingTerminalScreen": true,
    "me.shedaniel.rei.impl.client.gui.screen.DefaultDisplayViewingScreen": true,
    "moriyashiine.enchancement.client.screen.EnchantingTableScreen": true,
    "net.minecraft.class_4895": true,
    "zabi.minecraft.extraalchemy.screen.potion_bag.PotionBagScreen": true
  }
}