{"loadingScreen":true,"bedrockIfyButton":true,"showPositionHUD":false,"FPSHUD":0,"heldItemTooltip":2,"showPaperDoll":false,"showChunkMap":false,"reacharound":true,"reacharoundSneaking":false,"reacharoundIndicator":false,"reacharoundMultiplayer":false,"positionHUDHeight":50,"screenSafeArea":0,"overlayIgnoresSafeArea":false,"cubeMapBackground":true,"bedrockChat":false,"slotHighlight":true,"highLightColor1":-1,"highLightColor2":-9590208,"idleAnimation":1.0,"reacharoundBlockDistance":0.5,"reacharoundPitchAngle":25,"savingOverlay":true,"eatingAnimations":true,"expTextStyle":false,"quickArmorSwap":true,"transparentHotBar":false,"hudOpacity":100,"biggerIcons":false,"sneakingShield":true,"bedrockShading":true,"disableFlyingMomentum":true,"elytraStop":true,"pickupAnimations":true,"fishingBobber3D":false,"panoramaIgnoredScreens":[".modmenu.gui.ModsScreen",".iris.gui.",".modmanager.gui.","yacl.gui.YACLScreen"]}