{
  "storageMemory": {
    "memoryConfigs": {},
    "enabled": true
  },
  "maxDist": 6.0,
  "itemDisplayType": "MERGE_ALL",
  "locationTooltip": "ALWAYS_SHOW",
  "informServerType": true,
  "enabled": true,
  "informSearch": true,
  "customLimiter": {
    "delay": 300,
    "threshold": 4
  },
  "enableCaching": true,
  "enableBlocks": true,
  "enableEntities": true,
  "focusSearchBar": false,
  "enableItemTransfers": true,
  "allowSyncServer": true,
  "// Whether to allow the mod to discover containers behind blocks": "(client default: true)",
  "look_through_blocks": true,
  "// Whether to enable debugging mode": "",
  "debug": false
}