{
  "editorLastVersion": "0.6.5a",
  "playerSettings": {},
  "globalSettings": {},
  "cpmosc_receive_port": 10000,
  "blockedList": {},
  "serverSettings": {},
  "editorUVAreaAlpha": 0.8,
  "editorSelectMouseButton": 0.0,
  "cpmosc_enable": true,
  "titleScreenButton": true,
  "keybinds": {},
  "friendSettings": {},
  "editorDragMouseButton": -1.0,
  "editorMenuMouseButton": 1.0,
  "editorRotateMouseButton": 2.0,
  "safetyProfiles": {},
  "editorRecentProjects": [
    "C:\\Users\\RedRain0o0\\curseforge\\minecraft\\Instances\\1.19.3\\RedRain0o0Outfits1.19.3.cpmproject",
    "C:\\Users\\RedRain0o0\\curseforge\\minecraft\\Instances\\1.19.3\\RedRain0o0OSCTest.cpmproject",
    "C:\\Users\\RedRain0o0\\curseforge\\minecraft\\Instances\\1.19.3\\RedRain0o0OSC.cpmproject",
    "C:\\Users\\RedRain0o0\\curseforge\\minecraft\\Instances\\1.19.3\\VentiSkin.cpmproject",
    "C:\\Users\\RedRain0o0\\curseforge\\minecraft\\Instances\\mlk;\\RedRain0o0++A1.3.cpmproject",
    "C:\\Users\\RedRain0o0\\curseforge\\minecraft\\Instances\\1.19.3\\Test.cpmproject",
    "C:\\Users\\RedRain0o0\\curseforge\\minecraft\\Instances\\1.19.3\\RR0o0OSC.cpmproject",
    "C:\\Users\\RedRain0o0\\curseforge\\minecraft\\Instances\\1.19.3\\DefSkin.cpmproject",
    "C:\\Users\\RedRain0o0\\curseforge\\minecraft\\Instances\\1.19.3\\StrangeHeadMan.cpmproject",
    "C:\\Users\\RedRain0o0\\curseforge\\minecraft\\Instances\\1.19.3\\RedRain0o0V5.cpmproject"
  ],
  "editorScale": 2.0
}