{
  "allowedEnchantments": [
    "enchancement:assimilation",
    "enchancement:perception",
    "enchancement:veil",
    "enchancement:amphibious",
    "enchancement:strafe",
    "enchancement:wardenspine",
    "enchancement:dash",
    "enchancement:impact",
    "enchancement:slide",
    "enchancement:acceleration",
    "enchancement:bouncy",
    "enchancement:gale",
    "enchancement:berserk",
    "minecraft:fire_aspect",
    "enchancement:frostbite",
    "minecraft:infinity",
    "enchancement:chaos",
    "enchancement:delay",
    "enchancement:phasing",
    "enchancement:brimstone",
    "enchancement:homing",
    "enchancement:torch",
    "minecraft:channeling",
    "enchancement:leech",
    "minecraft:riptide",
    "minecraft:fortune",
    "enchancement:warp",
    "enchancement:extracting",
    "enchancement:molten",
    "enchancement:beheading",
    "enchancement:lumberjack",
    "enchancement:bury",
    "enchancement:scooping",
    "enchancement:disarm",
    "enchancement:grapple",
    "minecraft:luck_of_the_sea",
    "minecraft:efficiency",
    "minecraft:silk_touch",
    "origins:water_protection",
    "inventorio:deep_pockets",
    "enchantedshulkers:siphon",
    "enchantedshulkers:refill",
    "minecraft:power",
    "minecraft:flame",
    "minecraft:sharpness",
    "miniextras:creeper_defuser",
    "combatroll:longfooted",
    "combatroll:acrobat",
    "combatroll:multi_roll"
  ],
  "invertedList": false,
  "overhaulEnchantingTable": true,
  "allowTreasureEnchantmentsInEnchantingTable": true,
  "experienceLevelCost": 5,
  "lapisLazuliCost": 5,
  "singleEnchantmentMode": false,
  "singleLevelMode": false,
  "allowInfinityOnCrossbows": true,
  "allTridentsHaveLoyalty": true,
  "channelingWorksWhenNotThundering": true,
  "fireAspectWorksAsFlintAndSteel": true,
  "freeEnchantedBookMerging": true,
  "luckOfTheSeaHasLure": true,
  "negateEnderPearlDamage": true,
  "safeChanneling": true,
  "tridentsReturnFromVoid": true,
  "weakerPotions": true,
  "weaponEnchantmentCooldownRequirement": 0.7,
  "maxExtractingBlocks": 64,
  "maxLumberjackBlocks": 1024,
  "maxLumberjackHorizontalLength": 7,
  "unbreakingChangesFlag": 0
}