{
  "configVersion": 1,
  "controlsMode": "CONTROLLER",
  "autoSwitchMode": true,
  "debug": false,
  "hudEnable": true,
  "hudSide": "LEFT",
  "moveChat": false,
  "analogMovement": true,
  "doubleTapToSprint": true,
  "controllerToggleSneak": true,
  "controllerToggleSprint": true,
  "fastBlockPlacing": false,
  "flyDrifting": true,
  "verticalFlyDrifting": true,
  "horizontalReacharound": false,
  "verticalReacharound": false,
  "shouldRenderReacharoundOutline": true,
  "reacharoundOutlineColorHex": "#ffffff",
  "reacharoundOutlineColorAlpha": 102,
  "rightDeadZone": 0.25,
  "leftDeadZone": 0.25,
  "invertRightYAxis": false,
  "invertRightXAxis": false,
  "rotationSpeed": 40.0,
  "yAxisRotationSpeed": 40.0,
  "mouseSpeed": 150.0,
  "joystickAsMouse": true,
  "unfocusedInput": false,
  "virtualMouse": true,
  "virtualMouseSkin": "DEFAULT_LIGHT",
  "controllerID": 0,
  "secondControllerID": -1,
  "controllerType": "DEFAULT",
  "mouseScreens": [
    "me.jellysquid.mods.sodium.client.gui",
    "net.coderbot.iris.gui",
    "net.minecraft.client.gui.screen.advancement",
    "net.minecraft.client.gui.screen.pack.PackScreen",
    "net.minecraft.class_5375",
    "net.minecraft.class_457",
    "net.minecraft.class_408",
    "net.minecraft.class_3872",
    "me.flashyreese.mods.reeses_sodium_options.client.gui",
    "dev.emi.emi.screen",
    "hardcorequesting.client.interfaces.GuiQuestBook",
    "hardcorequesting.client.interfaces.GuiReward",
    "hardcorequesting.client.interfaces.EditTrackerScreen",
    "me.shedaniel.clothconfig2.gui.ClothConfigScreen",
    "com.mamiyaotaru.voxelmap.gui.GuiWaypoints",
    "com.mamiyaotaru.voxelmap.gui.GuiPersistentMap"
  ],
  "arrowScreens": [
    "net.minecraft.class_408"
  ],
  "wasdScreens": [
    "com.ultreon.devices.core.Laptop"
  ],
  "BINDING": {
    "controller.controls.pick_block": "-1",
    "controller.controls.slot_up": "-1",
    "controller.controls.screenshot": "-1",
    "controller.controls.jump": "0",
    "controller.controls.slot_right": "-1",
    "controller.controls.key.backslot.switch_backslot": "13",
    "controller.controls.key.toms_storage.open_terminal": "104",
    "controller.controls.debug_screen": "-1",
    "controller.controls.pause_game": "7",
    "controller.controls.toggle_perspective": "-1",
    "controller.controls.inventorio.keys.use_utility": "-1",
    "controller.controls.key.backslot.switch_beltslot": "1+13",
    "controller.controls.slot_down": "-1",
    "controller.controls.chat": "6",
    "controller.controls.inventorio.keys.prev_utility": "14",
    "controller.controls.key.origins.primary_active": "11",
    "controller.controls.player_list": "-1",
    "controller.controls.inventorio.keys.next_utility": "12",
    "controller.controls.controls_ring": "-1",
    "controller.controls.key.notebook.open": "-1",
    "controller.controls.keybinds.combatroll.roll": "-1",
    "controller.controls.sneak": "10",
    "controller.controls.sprint": "9",
    "controller.controls.slot_left": "-1"
  },
  "maxAnalogValues": [
    1.0,
    1.0,
    1.0,
    1.0
  ],
  "triggerFix": true,
  "enableHints": true,
  "shortcutInControls": true,
  "ringBindings": [],
  "ignoredUnboundKeys": [
    "inventorytabs.key.next_tab"
  ],
  "controllerBindingProfiles": {}
}