{"renderMethod":"DEFAULT","encodingPreset":"PNG","videoWidth":1920,"videoHeight":1080,"framesPerSecond":60,"bitRate":20971520,"outputFile":"C:\\Users\\RedRain0o0\\curseforge\\minecraft\\Instances\\1.19.3\\screenshots","renderNameTags":true,"includeAlphaChannel":false,"stabilizeYaw":false,"stabilizePitch":false,"stabilizeRoll":false,"sphericalFovX":360,"sphericalFovY":180,"injectSphericalMetadata":false,"depthMap":false,"cameraPathExport":false,"antiAliasing":"NONE","exportCommand":"","exportArguments":"","exportArgumentsBgra":"","highPerformance":false}