{
  "caveMusic": {
    "calm1": "None",
    "calm2": "None",
    "calm3": "None",
    "creative1": "Creative",
    "creative2": "None",
    "creative3": "None",
    "creative4": "Creative",
    "creative5": "None",
    "creative6": "Creative",
    "hal1": "Both",
    "hal2": "None",
    "hal3": "None",
    "hal4": "Both",
    "nuance1": "None",
    "nuance2": "None",
    "piano1": "Both",
    "piano2": "None",
    "piano3": "None",
    "aerie": "Both",
    "ancestry": "Both",
    "an_ordinary_day": "Both",
    "comforting_memories": "None",
    "firebugs": "None",
    "floating_dream": "None",
    "infinite_amethyst": "Both",
    "labyrinthine": "None",
    "left_to_bloom": "None",
    "one_more_day": "Both",
    "stand_tall": "None",
    "wending": "Both",
    "thirteen": "Both",
    "cat": "None",
    "blocks": "None",
    "chirp": "None",
    "far": "None",
    "mall": "None",
    "mellohi": "None",
    "stal": "None",
    "strad": "None",
    "ward": "None",
    "eleven": "None",
    "wait": "None",
    "otherside": "None",
    "five": "None",
    "pigstep": "None"
  },
  "coldMusic": {
    "calm1": "None",
    "calm2": "None",
    "calm3": "None",
    "creative1": "None",
    "creative2": "Creative",
    "creative3": "None",
    "creative4": "None",
    "creative5": "Creative",
    "creative6": "None",
    "hal1": "None",
    "hal2": "Both",
    "hal3": "None",
    "hal4": "None",
    "nuance1": "None",
    "nuance2": "Both",
    "piano1": "None",
    "piano2": "None",
    "piano3": "None",
    "aerie": "None",
    "ancestry": "None",
    "an_ordinary_day": "None",
    "comforting_memories": "Both",
    "firebugs": "None",
    "floating_dream": "None",
    "infinite_amethyst": "None",
    "labyrinthine": "None",
    "left_to_bloom": "None",
    "one_more_day": "None",
    "stand_tall": "Both",
    "wending": "None",
    "thirteen": "None",
    "cat": "None",
    "blocks": "None",
    "chirp": "None",
    "far": "None",
    "mall": "None",
    "mellohi": "None",
    "stal": "None",
    "strad": "None",
    "ward": "None",
    "eleven": "None",
    "wait": "None",
    "otherside": "None",
    "five": "None",
    "pigstep": "None"
  },
  "hotMusic": {
    "calm1": "None",
    "calm2": "None",
    "calm3": "None",
    "creative1": "None",
    "creative2": "None",
    "creative3": "Creative",
    "creative4": "Creative",
    "creative5": "None",
    "creative6": "None",
    "hal1": "None",
    "hal2": "None",
    "hal3": "Both",
    "hal4": "None",
    "nuance1": "None",
    "nuance2": "None",
    "piano1": "None",
    "piano2": "None",
    "piano3": "None",
    "aerie": "Both",
    "ancestry": "None",
    "an_ordinary_day": "None",
    "comforting_memories": "None",
    "firebugs": "Both",
    "floating_dream": "Both",
    "infinite_amethyst": "None",
    "labyrinthine": "Both",
    "left_to_bloom": "None",
    "one_more_day": "None",
    "stand_tall": "None",
    "wending": "None",
    "thirteen": "None",
    "cat": "None",
    "blocks": "None",
    "chirp": "None",
    "far": "None",
    "mall": "None",
    "mellohi": "None",
    "stal": "None",
    "strad": "Both",
    "ward": "None",
    "eleven": "None",
    "wait": "None",
    "otherside": "None",
    "five": "None",
    "pigstep": "None"
  },
  "niceMusic": {
    "calm1": "Both",
    "calm2": "None",
    "calm3": "Both",
    "creative1": "None",
    "creative2": "Creative",
    "creative3": "Creative",
    "creative4": "None",
    "creative5": "None",
    "creative6": "None",
    "hal1": "None",
    "hal2": "Both",
    "hal3": "Both",
    "hal4": "None",
    "nuance1": "None",
    "nuance2": "None",
    "piano1": "None",
    "piano2": "Both",
    "piano3": "None",
    "aerie": "None",
    "ancestry": "None",
    "an_ordinary_day": "Both",
    "comforting_memories": "None",
    "firebugs": "None",
    "floating_dream": "None",
    "infinite_amethyst": "None",
    "labyrinthine": "Both",
    "left_to_bloom": "None",
    "one_more_day": "None",
    "stand_tall": "Both",
    "wending": "None",
    "thirteen": "None",
    "cat": "None",
    "blocks": "None",
    "chirp": "None",
    "far": "None",
    "mall": "None",
    "mellohi": "None",
    "stal": "None",
    "strad": "None",
    "ward": "None",
    "eleven": "None",
    "wait": "None",
    "otherside": "None",
    "five": "None",
    "pigstep": "None"
  },
  "downMusic": {
    "calm1": "None",
    "calm2": "Both",
    "calm3": "None",
    "creative1": "Creative",
    "creative2": "None",
    "creative3": "None",
    "creative4": "None",
    "creative5": "Creative",
    "creative6": "Creative",
    "hal1": "Both",
    "hal2": "None",
    "hal3": "None",
    "hal4": "Both",
    "nuance1": "Both",
    "nuance2": "None",
    "piano1": "Both",
    "piano2": "None",
    "piano3": "Both",
    "aerie": "None",
    "ancestry": "None",
    "an_ordinary_day": "None",
    "comforting_memories": "Both",
    "firebugs": "Both",
    "floating_dream": "None",
    "infinite_amethyst": "None",
    "labyrinthine": "None",
    "left_to_bloom": "Both",
    "one_more_day": "None",
    "stand_tall": "None",
    "wending": "None",
    "thirteen": "None",
    "cat": "None",
    "blocks": "None",
    "chirp": "None",
    "far": "None",
    "mall": "None",
    "mellohi": "None",
    "stal": "None",
    "strad": "None",
    "ward": "None",
    "eleven": "None",
    "wait": "None",
    "otherside": "None",
    "five": "None",
    "pigstep": "None"
  }
}